"MENU ITEMS","Serving Size (g)","Calories (kcal)","Total Fat (g)","Saturated Fat (g)","Trans Fat (g)","Cholesterol (mg)","Sodium (mg)","Carbohydrate (g)","Dietary Fibre (g)","Sugars (g)","Protein (g)","Vitamin A (%DV)","Vitamin C (%DV)","Calcium (%DV)","Iron (%DV)","Restaurant"
"Beef Tinga","171","184","10","3","1","46","337","11","3","5","15","47","47","3","3","Arturo's"
"Black Beans","163","182","1","0","0","0","381","34","13","1","11","10","2","6","5","Arturo's"
"Burrito (Beef)","523","656","19","5","1","27","1561","97","19","9","28","144","66","18","64","Arturo's"
"Burrito (Chicken)","523","718","22","5","0","22","1735","104","19","8","28","137","59","18","42","Arturo's"
"Burrito (Pork)","523","650","17","5","0","31","1463","96","19","9","28","118","46","17","34","Arturo's"
"Burrito (Vegetarian)","523","576","13","3","0","2","1367","98","21","9","20","121","63","15","31","Arturo's"
"Burrito Salad Bowl","420","306","6","1","0","2","597","58","14","8","11","121","63","11","21","Arturo's"
"Burrito Salad Bowl (Beef)","420","386","12","3","1","27","791","57","12","8","19","144","66","14","54","Arturo's"
"Burrito Salad Bowl (Chicken)","420","448","15","3","0","22","965","64","12","7","19","137","59","14","32","Arturo's"
"Burrito Salad Bowl (Pork)","420","380","10","3","0","31","693","56","12","8","19","118","46","131","24","Arturo's"
"Calle Trio (Gluten Free - Beef)","510","716","17","3","1","27","806","123","18","10","25","144","66","26","71","Arturo's"
"Calle Trio (Gluten Free - Chicken)","510","778","20","3","0","22","980","130","18","9","25","137","59","26","48","Arturo's"
"Calle Trio (Gluten Free - Pork)","510","710","15","3","0","31","708","122","18","10","25","118","46","25","41","Arturo's"
"Calle Trio (Gluten Free - Veg)","510","636","11","1","0","2","612","124","20","10","17","121","63","23","38","Arturo's"
"Chicken Tinga","234","387","21","4","0","51","868","30","4","6","20","47","48","5","4","Arturo's"
"Guacamole","23","25","2","0","0","0","62","2","1","0","0","25","10","1","0","Arturo's"
"Mexican Rice","169","258","2","0","0","0","546","54","2","1","5","2","5","10","1","Arturo's"
"Pork Rotisserie","162","157","7","3","0","50","161","8","2","4","15","1","10","1","1","Arturo's"
"Salsa Fresca","110","28","1","0","0","0","42","4","1","3","1","19","25","1","0","Arturo's"
"Ham, 6-inch Sandwich","219","280","4","1","0","15","700","47","5","6","15","8","20","6","15","Subway"
"Oven Roasted Chicken, 6-inch Sandwich","226","310","4.5","1.5","0","40","560","47","5","8","21","8","20","4","15","Subway"
"Roast Beef, 6-inch Sandwich","219","290","4.5","1.5","0","20","680","46","5","7","17","8","20","6","20","Subway"
"Subway Club®, 6-inch Sandwich","233","300","4.5","1","0","25","840","47","5","7","18","8","20","6","20","Subway"
"Sweet Onion Chicken Teriyaki, 6-inch Sandwich","269","360","4.5","1","0","40","930","59","5","16","22","10","25","6","15","Subway"
"Turkey Breast, 6-inch Sandwich","219","290","4","1","0","20","760","46","5","7","16","8","20","6","20","Subway"
"Turkey Breast & Ham, 6-inch Sandwich","228","290","4","1","0","20","810","47","5","7","17","8","20","6","20","Subway"
"Veggie Delite®, 6-inch Sandwich","162","230","2.5","0.5","0","0","280","44","5","6","8","8","20","4","15","Subway"
"Ham, Flatbread Sandwich","228","290","6","1.5","0","15","760","45","3","4","15","8","20","10","15","Subway"
"Oven Roasted Chicken, Flatbread Sandwich","235","320","7","1.5","0.2","40","630","45","3","5","21","8","20","10","15","Subway"
"Roast Beef, Flatbread Sandwich","228","300","7","2","0","20","750","44","3","4","16","8","20","10","20","Subway"
"Subway Club®, Flatbread Sandwich","242","310","7","1.5","0","25","910","45","3","4","18","8","20","10","20","Subway"
"Sweet Onion Chicken Teriyaki, Flatbread Sandwich","277","370","7","1.5","0","40","1000","56","3","13","21","10","25","10","15","Subway"
"Turkey Breast, Flatbread Sandwich","228","290","6","1","0","20","830","44","3","4","16","8","20","10","20","Subway"
"Turkey Breast & Ham, Flatbread Sandwich","237","300","6","1.5","0","20","880","45","3","4","17","8","20","10","20","Subway"
"Veggie Delite®, Flatbread Sandwich","171","240","4.5","1","0","0","340","42","3","4","8","8","20","10","15","Subway"
"B.L.T., 6-inch Sandwich","151","300","8","3","0","20","580","43","5","7","15","8","8","4","15","Subway"
"Chicken & Bacon Ranch Melt, 6-inch Sandwich","270","500","23","7","0.4","70","1030","46","5","8","28","8","20","15","15","Subway"
"Chicken Pizziola (with cheese), 6-inch Sandwich","284","440","15","6","0.3","65","1310","49","6","10","28","15","30","15","15","Subway"
"Cold Cut Combo, 6-inch Sandwich","233","430","20","7","0.1","40","890","47","6","7","17","8","20","6","20","Subway"
"Italian B.M.T.®, 6-inch Sandwich","226","410","16","6","0.3","40","1210","47","5","7","19","8","20","6","15","Subway"
"Meatball Marinara, 6-inch Sandwich","301","480","18","7","0.5","30","920","59","8","12","21","25","35","10","25","Subway"
"Pizza Sub (with cheese), 6-inch Sandwich","237","450","20","8","0.5","40","1410","50","6","10","18","15","25","10","20","Subway"
"Spicy Italian, 6-inch Sandwich","221","480","24","9","0.5","50","1490","46","5","8","20","8","20","6","20","Subway"
"Steak & Cheese, 6-inch Sandwich","245","380","10","4","0.4","50","1030","48","5","8","26","8","20","10","25","Subway"
"Subway Melt®, 6-inch Sandwich","248","380","10","4","0.2","40","1160","48","5","8","23","8","20","10","20","Subway"
"Tuna, 6-inch Sandwich","237","480","25","5","0.3","40","580","44","5","7","20","8","20","4","20","Subway"
"Egg Salad, 6-inch Sandwich","254","410","18","4","0.2","235","540","46","5","7","17","15","20","35","20","Subway"
"Ham, Mini Subs","136","180","2.5","0.5","0","5","400","31","3","4","9","6","15","4","10","Subway"
"Roast Beef, Mini Subs","146","190","3","1","0","15","460","31","3","5","11","6","15","4","15","Subway"
"Tuna, Mini Subs","145","280","13","3","0","20","330","29","3","4","12","6","15","4","15","Subway"
"Turkey Breast, Mini Subs","146","190","2.5","0.5","0","15","510","31","3","5","11","6","15","4","10","Subway"
"Barbecue Rib Patty, 6-inch Limited Time Offer/Regional Subs**","240","490","24","8","0","50","760","48","6","9","21","8","20","30","15","Subway"
"Veggie Patty, 6-inch Limited Time Offer/Regional Subs**","247","360","5","1","0","0","770","58","9","10","20","8","20","4","15","Subway"
"Ham, Salads","328","110","2.5","0.5","0","15","490","13","4","4","10","25","45","6","8","Subway"
"Oven Roasted Chicken, Salads","335","120","3","0.5","0","40","370","9","4","4","15","25","50","6","8","Subway"
"Roast Beef, Salads","328","110","3","1","0","20","470","11","4","5","11","25","45","6","10","Subway"
"Subway Club®, Salads","342","120","3","0.5","0","25","630","13","4","5","12","25","45","6","10","Subway"
"Sweet Onion Chicken Teriyaki (includes sweet onion dressing), Salads","399","230","3.5","0.5","0","40","800","33","4","22","16","25","50","6","8","Subway"
"Turkey Breast, Salads","328","110","2.5","0.5","0","20","550","12","4","5","10","25","45","6","10","Subway"
"Turkey Breast & Ham, Salads","338","120","3","0.5","0","20","600","13","4","5","11","25","45","6","10","Subway"
"Veggie Delite®, Salads","271","50","1","0","0","0","65","9","4","4","3","25","45","4","6","Subway"
"Fat Free Italian, Salad Dressings","57","35","0","0","0","0","720","7","0","4","1","0","0","2","0","Subway"
"Ranch, Salad Dressings","57","320","30","6","0.5","30","560","3","0","3","1","0","0","0","0","Subway"
"House Sandwich Sauce, Salad Dressings","57","290","31","3.5","0","0","440","4","0","3","0","0","0","0","0","Subway"
"Bacon, Egg White & Cheese, English Muffin Sandwich (with Egg White)","109","170","4.5","2","0.1","10","560","24","5","1","13","0","0","25","6","Subway"
"B.M.T® Melt, English Muffin Sandwich (with Egg White)","131","220","8","3","0.2","20","830","25","5","1","16","0","0","25","6","Subway"
"Egg White & Cheese, English Muffin Sandwich (with Egg White)","105","150","3","1","0.1","5","480","24","5","1","12","0","0","25","6","Subway"
"Ham, Egg White & Cheese, English Muffin Sandwich (with Egg White)","119","170","3.5","1.5","0.1","10","590","25","5","1","13","0","0","25","6","Subway"
"Mega Melt, English Muffin Sandwich (with Egg White)","137","290","16","6","0.1","30","820","24","5","1","17","0","0","25","8","Subway"
"Sausage, Egg White & Cheese, English Muffin Sandwich (with Egg White)","133","270","15","6","0.1","25","740","24","5","1","15","0","0","25","8","Subway"
"Steak, Egg White & Cheese, English Muffin Sandwich (with Egg White)","122","180","4","1.5","0","15","610","25","5","1","15","0","0","25","8","Subway"
"Sunrise Subway Melt®, English Muffin Sandwich (with Egg White)","154","210","5","2","0.1","20","820","26","5","1","18","2","2","25","8","Subway"
"Bacon, Egg & Cheese, English Muffin Sandwich (with Regular Egg)","109","190","7","2.5","0.1","120","540","24","6","2","13","4","0","20","8","Subway"
"B.M.T® Melt, English Muffin Sandwich (with Regular Egg)","131","240","10","4","0.2","130","800","25","6","2","16","2","0","20","8","Subway"
"Egg & Cheese, English Muffin Sandwich (with Regular Egg)","105","170","5","2","0.1","115","460","24","6","1","12","2","0","20","8","Subway"
"Ham, Egg & Cheese, English Muffin Sandwich (with Regular Egg)","119","190","6","2","0.1","120","560","25","6","1","13","2","0","20","8","Subway"
"Mega Melt, English Muffin Sandwich (with Regular Egg)","137","310","19","7","0.1","140","800","24","6","2","17","4","0","20","10","Subway"
"Sausage, Egg & Cheese, English Muffin Sandwich (with Regular Egg)","133","290","17","7","0.1","135","720","24","6","1","15","4","0","20","10","Subway"
"Steak, Egg & Cheese, English Muffin Sandwich (with Regular Egg)","122","200","6","2.5","0.2","125","590","25","6","2","15","2","0","20","10","Subway"
"Sunrise Subway Melt®, English Muffin Sandwich (with Regular Egg)","154","230","8","3","0.1","130","800","26","6","2","18","4","2","20","10","Subway"
"Bacon, Egg White & Cheese, 3-inch Flatbread Sandwich (with Egg White)","96","190","6","2","0.1","10","560","21","1","1","11","0","0","20","8","Subway"
"B.M.T® Melt, 3-inch Flatbread Sandwich (with Egg White)","117","230","10","3.5","0.2","20","830","22","1","1","13","0","0","20","8","Subway"
"Egg White & Cheese, 3-inch Flatbread Sandwich (with Egg White)","91","170","5","1.5","0.1","5","480","21","1","1","9","0","0","20","8","Subway"
"Ham, Egg White & Cheese, 3-inch Flatbread Sandwich (with Egg White)","106","180","5","2","0.1","10","590","22","1","1","11","0","0","20","8","Subway"
"Mega Melt, 3-inch Flatbread Sandwich (with Egg White)","124","310","18","7","0.1","30","820","22","1","1","15","0","0","20","10","Subway"
"Sausage, Egg White & Cheese, 3-inch Flatbread Sandwich (with Egg White)","120","290","17","6","0.1","25","740","21","1","1","13","0","0","20","10","Subway"
"Steak, Egg White & Cheese, 3-inch Flatbread Sandwich (with Egg White)","108","190","6","2","0.1","15","610","22","1","1","13","0","0","20","10","Subway"
"Sunrise Subway Melt®, 3-inch Flatbread Sandwich (with Egg White)","140","220","7","2.5","0.1","20","820","24","1","2","15","2","2","20","10","Subway"
"Bacon, Egg & Cheese, 3-inch Flatbread Sandwich (with Regular Egg)","96","210","8","3","0.1","120","530","21","1","2","11","2","0","10","10","Subway"
"B.M.T® Melt, 3-inch Flatbread Sandwich (with Regular Egg)","117","250","12","4","0.2","130","800","22","1","2","13","2","0","11","10","Subway"
"Egg & Cheese, 3-inch Flatbread Sandwich (with Regular Egg)","91","190","7","2.5","0.1","115","460","21","1","2","9","2","0","10","10","Subway"
"Ham, Egg & Cheese, 3-inch Flatbread Sandwich (with Regular Egg)","106","200","7","2.5","0.1","120","560","22","1","2","11","2","0","12","10","Subway"
"Mega Melt, 3-inch Flatbread Sandwich (with Regular Egg)","124","330","20","8","0.1","135","790","21","1","2","15","2","0","12","10","Subway"
"Sausage, Egg & Cheese, 3-inch Flatbread Sandwich (with Regular Egg)","120","310","19","7","0.1","135","720","21","1","2","13","2","0","12","10","Subway"
"Steak, Egg & Cheese, 3-inch Flatbread Sandwich (with Regular Egg)","108","210","8","3","0.2","125","590","22","1","2","13","2","0","12","10","Subway"
"Sunrise Subway Melt®, 3-inch Flatbread Sandwich (with Regular Egg)","140","240","9","3","0.1","130","800","25","1","2","16","4","2","12","10","Subway"
"Bacon, Egg White & Cheese, 6-inch Omelet Sandwich (with Egg White)","183","360","10","4","0.2","20","1050","45","4","2","23","0","0","30","15","Subway"
"B.M.T® Melt, 6-inch Omelet Sandwich (with Egg White)","208","450","17","6","0.4","40","1590","47","4","2","27","0","0","60","15","Subway"
"Egg White & Cheese, 6-inch Omelet Sandwich (with Egg White)","174","320","7","3","0.2","10","900","44","4","1","19","0","0","30","15","Subway"
"Ham, Egg White & Cheese, 6-inch Omelet Sandwich (with Egg White)","203","350","8","3","0.2","15","1110","46","4","1","23","0","0","30","15","Subway"
"Mega Melt, 6-inch Omelet Sandwich (with Egg White)","240","610","34","13","0.2","55","1570","45","4","2","30","2","2","30","20","Subway"
"Sausage, Egg White & Cheese, 6-inch Omelet Sandwich (with Egg White)","231","560","31","12","0.2","45","1430","45","4","1","27","2","2","30","20","Subway"
"Steak, Egg White & Cheese, 6-inch Omelet Sandwich (with Egg White)","217","390","10","4","0.3","35","1230","47","4","2","28","0","0","60","20","Subway"
"Sunrise Subway Melt®, 6-inch Omelet Sandwich (with Egg White)","284","440","12","4.5","0.2","40","1580","50","4","2","32","6","8","30","20","Subway"
"Bacon, Egg & Cheese, 6-inch Omelet Sandwich (with Regular Egg)","186","420","16","6","0.3","240","900","45","5","6","24","8","0","20","20","Subway"
"B.M.T® Melt, 6-inch Omelet Sandwich (with Regular Egg)","229","500","23","9","0.5","260","1440","47","5","7","29","8","0","20","20","Subway"
"Egg & Cheese, 6-inch Omelet Sandwich (with Regular Egg)","177","380","13","5","0.3","235","740","44","5","6","20","8","0","20","20","Subway"
"Ham, Egg & Cheese, 6-inch Omelet Sandwich (with Regular Egg)","206","400","14","5","0.3","240","950","46","5","6","24","8","0","20","20","Subway"
"Mega Melt, 6-inch Omelet Sandwich (with Regular Egg)","242","660","39","15","0.3","280","1410","45","5","7","31","8","2","20","25","Subway"
"Sausage, Egg & Cheese, 6-inch Omelet Sandwich (with Regular Egg)","234","620","37","14","0.3","270","1260","45","5","6","28","8","2","20","25","Subway"
"Steak, Egg & Cheese, 6-inch Omelet Sandwich (with Regular Egg)","220","440","16","6","0.4","256","1070","47","5","7","30","8","0","20","25","Subway"
"Sunrise Subway Melt®, 6-inch Omelet Sandwich (with Regular Egg)","287","490","18","7","0.3","265","1430","50","6","8","33","15","8","20","20","Subway"
"Bacon, Egg White & Cheese, Omelet on 6-inch Flatbread (with Egg White)","191","370","12","4.5","0.2","20","1120","43","2","2","22","0","0","35","15","Subway"
"B.M.T® Melt, Omelet on 6-inch Flatbread (with Egg White)","208","460","16","4.5","0.5","40","1660","56","1","1","23","0","0","65","15","Subway"
"Egg White & Cheese, Omelet on 6-inch Flatbread (with Egg White)","183","330","10","3","0.2","10","960","42","2","2","19","0","0","35","15","Subway"
"Ham, Egg White & Cheese, Omelet on 6-inch Flatbread (with Egg White)","211","360","10","3.5","0.2","15","1170","44","2","2","22","0","0","40","15","Subway"
"Mega Melt, Omelet on 6-inch Flatbread (with Egg White)","248","620","36","14","0.2","55","1630","43","2","3","29","2","2","40","20","Subway"
"Sausage, Egg White & Cheese, Omelet on 6-inch Flatbread (with Egg White)","240","570","33","12","0.2","45","1480","43","2","2","26","2","2","40","20","Subway"
"Steak, Egg White & Cheese, Omelet on 6-inch Flatbread (with Egg White)","225","400","12","4","0.3","35","1290","45","2","3","28","0","0","40","20","Subway"
"Sunrise Subway Melt®, Omelet on 6-inch Flatbread (with Egg White)","292","450","14","5","0.2","40","1650","48","2","4","31","6","8","40","20","Subway"
"Bacon, Egg & Cheese, Omelet on 6-inch Flatbread (with Regular Egg)","194","430","18","7","0.3","240","960","43","3","4","23","8","0","25","20","Subway"
"B.M.T® Melt, Omelet on 6-inch Flatbread (with Regular Egg)","211","510","21","8","0.5","260","1500","56","2","2","24","8","0","25","20","Subway"
"Egg & Cheese, Omelet on 6-inch Flatbread (with Regular Egg)","186","380","15","5","0.3","235","810","42","3","3","20","8","0","25","20","Subway"
"Ham, Egg & Cheese, Omelet on 6-inch Flatbread (with Regular Egg)","214","410","16","6","0.3","240","1020","44","3","3","23","8","0","25","20","Subway"
"Mega Melt, Omelet on 6-inch Flatbread (with Regular Egg)","251","670","42","16","0.3","280","1480","43","3","4","30","8","2","25","25","Subway"
"Sausage, Egg & Cheese, Omelet on 6-inch Flatbread (with Regular Egg)","242","630","39","15","0.3","270","1330","42","3","3","27","8","2","25","25","Subway"
"Steak, Egg & Cheese, Omelet on 6-inch Flatbread (with Regular Egg)","228","450","18","6","0.4","255","1140","44","3","4","29","8","0","25","25","Subway"
"Sunrise Subway Melt®, Omelet on 6-inch Flatbread (with Regular Egg)","295","500","20","7","0.3","265","1490","47","3","5","32","25","8","25","20","Subway"
"Chocolate Chip, Cookies, Desserts & Sides","45","220","10","5","0.1","15","130","30","1","18","2","6","0","0","6","Subway"
"Chocolate Chunk, Cookies, Desserts & Sides","45","220","10","5","0","10","100","30","<1","17","2","0","0","0","6","Subway"
"Double Chocolate Chip, Cookies, Desserts & Sides","45","210","9","5","0.1","15","130","30","1","20","2","6","0","2","4","Subway"
"M & M®, Cookies, Desserts & Sides","45","210","10","5","0","15","100","32","<1","18","2","0","0","2","6","Subway"
"Oatmeal Raisin, Cookies, Desserts & Sides","45","200","8","4","0","15","130","30","1","16","3","0","0","2","6","Subway"
"Peanut Butter, Cookies, Desserts & Sides","45","220","12","5","0.1","10","130","26","1","16","4","4","0","2","6","Subway"
"Raspberry Cheesecake, Cookies, Desserts & Sides","45","200","9","4.5","0.1","15","120","29","0","16","2","6","0","2","4","Subway"
"Sugar, Cookies, Desserts & Sides","45","220","12","6","0.1","15","130","28","<1","14","2","0","0","0","4","Subway"
"White Chip Macadamia Nut, Cookies, Desserts & Sides","45","220","11","5","0.1","15","130","29","<1","18","2","6","0","2","4","Subway"
"Hash Browns, four pieces, Cookies, Desserts & Sides","74","150","9","1","0","0","440","17","2","0","1","0","8","0","2","Subway"
"Yogurt Parfait (with granola), Cookies, Desserts & Sides","175","200","6","2.5","0","15","80","27","1","23","9","4","2","25","2","Subway"
"Coca Cola®, no ice, Beverages","21","260","0","0","0","0","15","71","0","71","0","0","0","0","0","Subway"
"Diet Coke®, no ice, Beverages","21","0","0","0","0","0","25","0","0","0","0","0","0","0","0","Subway"
"Beef Chili, Soup** (8 oz/255 ml bowl)","255","350","24","10","1.5","80","730","17","4","7","15","40","4","8","15","Subway"
"Chicken & Dumpling, Soup** (8 oz/255 ml bowl)","255","150","4.5","2","0","35","740","20","3","3","8","20","10","4","6","Subway"
"Chicken Noodle, Soup** (8 oz/255 ml bowl)","255","100","1","0.5","0","15","720","12","1","1","10","35","4","4","4","Subway"
"Clam Chowder, Soup** (8 oz/255 ml bowl)","255","200","11","7","0.5","30","850","20","2","3","5","0","4","4","4","Subway"
"Cream of Broccoli, Soup** (8 oz/255 ml bowl)","255","140","7","4","0.5","20","790","16","3","6","4","6","35","10","2","Subway"
"Cream of Mushroom, Soup** (8 oz/255 ml bowl)","255","150","8","4","0.5","25","700","14","1","5","5","0","4","10","2","Subway"
"Creamy Wild and Brown Rice, Soup** (8 oz/255 ml bowl)","255","180","10","4","0.5","35","820","16","2","4","6","20","4","8","2","Subway"
"Loaded Potato with bacon, Soup** (8 oz/255 ml bowl)","255","220","11","6","0.5","40","840","23","2","4","7","0","10","8","4","Subway"
"Minestrone, Soup** (8 oz/255 ml bowl)","255","90","1","0.5","0","<5","740","17","5","4","4","40","4","6","6","Subway"
"Poblano Corn Chowder, Soup** (8 oz/255 ml bowl)","255","150","7","4","0.5","20","560","18","2","7","5","4","4","10","4","Subway"
"Vegetable Beef, Soup** (8 oz/255 ml bowl)","255","90","2","0.5","0","5","730","15","3","3","4","70","4","4","4","Subway"
"6-inch Italian (White) Bread, Breads","71","200","2","0.5","0","0","270","38","1","5","7","0","0","2","12","Subway"
"6-inch 9-Grain Wheat Bread, Breads","78","210","2","0.5","0","0","270","40","4","5","8","0","0","4","15","Subway"
"6-inch Parmesan Oregano Bread, Breads","75","220","2.5","1","0","0","420","40","2","5","8","0","0","4","15","Subway"
"6-inch Honey Oat, Breads","89","260","3","0.5","0","0","290","48","5","9","9","0","0","4","15","Subway"
"6-inch Hearty Italian Bread, Breads","75","210","2.5","0.5","0","0","270","41","2","5","7","0","0","2","15","Subway"
"6-inch Monterey Cheddar, Breads","82","240","6","2.5","0.2","10","340","38","2","5","10","2","0","10","15","Subway"
"6-inch Italian Herbs & Cheese, Breads","82","250","5","2.5","0.1","10","470","40","2","5","9","2","0","10","15","Subway"
"6-inch Roasted Garlic, Breads","82","230","2.5","0.5","0","0","1240","45","2","7","8","4","45","4","15","Subway"
"6-inch Flatbread, Breads","87","220","4.5","1","0","0","340","38","2","2","7","0","0","8","15","Subway"
"3-inch Flatbread, Breads","43","110","2","0","0","0","170","19","1","1","4","0","0","5","6","Subway"
"Light Wheat English Muffin, Breads","57","100","1","0","0","0","170","22","5","1","6","0","0","2","6","Subway"
"Mini Italian Bread, Breads","47","130","1.5","0","0","0","180","25","1","3","5","0","0","2","8","Subway"
"Mini Wheat Bread, Breads","52","140","1.5","0","0","0","180","27","3","3","5","0","0","8","8","Subway"
"Wrap, Breads","103","310","8","2.5","0.4","0","610","51","1","0","8","0","0","6","15","Subway"
"Bacon (2 strips), Sandwich Condiments","9","40","3","1","0","10","150","0","0","0","3","0","0","0","0","Subway"
"Chipotle Southwest Sauce, Sandwich Condiments","21","100","10","1.5","0","10","220","1","0","0","0","0","0","0","0","Subway"
"Honey Mustard Sauce, Fat Free, Sandwich Condiments","21","30","0","0","0","0","120","7","0","6","0","0","0","0","0","Subway"
"House Sandwich Sauce, Sandwich Condiments","21","110","12","1.5","0","0","170","1","0","1","0","0","0","0","0","Subway"
"Mustard yellow or deli brown (10 ml), Sandwich Condiments","10","10","0","0","0","0","120","1","0","0","0","0","0","0","0","Subway"
"Light Mayon.-Type Dressing (15 ml), Sandwich Condiments","15","40","5","1","0","5","80","1","0","0","0","0","0","0","0","Subway"
"Mayonnaise (15 ml), Sandwich Condiments","15","110","12","2","0","10","70","0","0","0","0","0","0","0","0","Subway"
"Ranch Dressing, Sandwich Condiments","21","110","12","2","0.2","10","210","1","0","1","0","0","0","0","0","Subway"
"Sweet Onion Sauce, Fat Free, Sandwich Condiments","21","40","0","0","0","0","90","9","0","8","0","0","0","0","0","Subway"
"Banana Peppers (3 rings), Vegetables","4","<5","0","0","0","0","65","0","0","0","0","4","4","0","0","Subway"
"Cucumbers (3 slices), Vegetables","17","<5","0","0","0","0","0","1","0","0","0","0","0","0","0","Subway"
"Green Peppers (3 strips), Vegetables","7","0","0","0","0","0","0","0","0","0","0","0","10","0","0","Subway"
"Jalapeno Peppers (3 rings), Vegetables","4","<5","0","0","0","0","70","0","0","0","0","0","4","0","0","Subway"
"Lettuce, Vegetables","21","<5","0","0","0","0","0","0","0","0","0","0","0","0","0","Subway"
"Onions, Vegetables","14","5","0","0","0","0","0","1","0","0","0","0","0","0","0","Subway"
"Pickles (3 chips), Vegetables","9","0","0","0","0","0","115","0","0","0","0","0","0","0","0","Subway"
"Olives (3 rings), Vegetables","3","<5","0","0","0","0","25","0","0","0","0","0","0","0","0","Subway"
"Tomatoes (3 wheels), Vegetables","34","5","0","0","0","0","0","2","0","0","0","4","10","0","0","Subway"
"Cheddar Cheese Product, Processed, Cheese","11","40","3","2","0.2","10","200","0","0","0","2","0","0","6","0","Subway"
"Feta, Cheese","14","30","2","1.5","0","6","125","0","0","0","2","2","0","2","0","Subway"
"Monterey Cheddar, Shredded, Cheese","14","50","4.5","3","0.2","15","90","0","0","0","3","4","0","10","0","Subway"
"Monterey Jack, Cheese","11","40","3.5","2.5","0.2","10","80","0","0","0","3","0","0","6","0","Subway"
"Mozzarella, Shredded, Cheese","14","40","3","2","0.1","9","100","0","0","0","3","2","0","8","0","Subway"
"Natural Cheddar, Cheese","11","45","3.5","2.5","0.2","10","75","0","0","0","3","0","0","6","0","Subway"
"Swiss, Cheese","14","50","4","3","0.2","10","45","0","0","0","4","0","0","15","0","Subway"
"Chicken Patty, Roasted, Individual Meats","64","80","2","1","0","40","290","3","0","2","13","0","0","0","0","Subway"
"Italian B.M.T.® Meats, Individual Meats","64","180","14","5","0.3","40","930","3","0","1","10","0","0","2","2","Subway"
"Meatball, Individual Meats","139","310","16","6","0.5","35","910","16","3","6","13","30","25","8","9","Subway"
"Roast Beef, Individual Meats","57","60","2","1","0","20","410","2","0","1","8","0","0","0","4","Subway"
"Sausage Patty, Individual Meats","57","240","24","9","0","35","520","1","0","0","7","0","2","0","4","Subway"
"Seafood Sensation, Individual Meats","71","190","16","2","0","15","430","7","0","1","5","2","0","6","1","Subway"
"Steak (no cheese), Individual Meats","71","110","4","1.5","0","40","550","4","0","1","15","0","2","0","8","Subway"
"Subway Club® Meats, Individual Meats","71","70","2","1","0","25","560","4","0","1","10","0","0","2","4","Subway"
"Tuna, Individual Meats","74","240","23","4","0","35","280","0","0","0","12","0","0","0","6","Subway"
"Turkey Breast, Individual Meats","57","60","1.5","0","0","10","480","3","0","1","8","0","0","0","4","Subway"
"Whole Grain Oatmeal","42","160","2.5","0.5","0","0","125","28","4","0","5","0","0","8","10","Starbucks"
"Birthday Cake Pop","43","170","9","5","0","10","85","22","0","18","1","0","0","4","15","Starbucks"
"Chocolate Caramel Pretzel","50","230","9","5","0","10","170","34","4","24","3","0","0","6","6","Starbucks"
"Madeleine Cookie (Packaged)","51","230","11","6","0","70","100","32","1","19","2","10","0","0","6","Starbucks"
"Marshmallow Dream Bar","57","210","4","2.5","0","10","250","43","0","15","1","15","15","2","20","Starbucks"
"Butter Croissant","70","250","14","10","0.5","40","250","25","1","4","3","0","4","2","10","Starbucks"
"Oat Bar","80","360","20","9","0.2","15","160","43","5","12","6","20","0","0","10","Starbucks"
"Double Chocolate Brownie","98","430","25","7","0","100","80","49","3","32","6","10","2","4","25","Starbucks"
"Sesame Bagel","99","280","2","0","0","0","470","56","2","5","10","2","0","2","25","Starbucks"
"Fruit & Oat Cookie","100","430","18","9","0.2","45","200","61","4","34","6","8","2","2","15","Starbucks"
"Peanut Butter Cookie","100","480","28","9","0.3","50","400","48","2","30","10","8","0","2","10","Starbucks"
"Chocolate Chunk Cookie","100","440","21","11","0.1","20","290","61","2","39","6","15","0","2","20","Starbucks"
"Oat Fudge Bar","100","420","20","13","0.2","20","210","56","3","36","6","15","2","6","15","Starbucks"
"White Chocolate Macadamia Cookie","101","480","26","11","0.1","25","310","57","1","37","6","15","0","6","10","Starbucks"
"Ginger Molasses Cookie","101","390","11","4.5","0","20","360","67","1","41","6","15","0","8","20","Starbucks"
"Everything with Cheese Bagel","103","280","2.5","0.5","0.4","5","500","56","2","5","10","2","0","4","35","Starbucks"
"Blueberry Bar","105","380","19","8","0.2","15","200","50","4","22","5","20","4","2","15","Starbucks"
"RF Cinnamon Swirl Coffee Cake ","113","340","9","5","0.1","10","400","62","2","40","4","4","0","8","15","Starbucks"
"Asiago & Cheddar Pretzel","113","360","12","7","0","35","1070","46","2","1","16","10","0","20","20","Starbucks"
"Banana Loaf ","115","430","17","3","0.2","50","260","63","3","35","6","2","6","2","15","Starbucks"
"Lemon Poppyseed Loaf","115","470","22","5","0.3","95","330","63","2","35","5","4","0","4","8","Starbucks"
"Blueberry Muffin ","116","380","18","3","0.2","55","380","50","2","27","5","4","15","2","10","Starbucks"
"Raisin Bran Muffin","116","320","12","2","0.1","45","420","54","6","29","6","2","0","4","15","Starbucks"
"Banana Chocolate Muffin ","116","420","21","6","0.2","50","320","55","2","34","5","2","10","2","15","Starbucks"
"Bacon & Gouda Artisan Breakfast Sandwich","116","350","18","7","0.1","165","820","30","0","0","17","10","15","20","20","Starbucks"
"Multigrain Bagel","117","300","3","0.4","0","0","480","60","6","5","14","2","0","2","25","Starbucks"
"RF Banana Chocolate Chip Coffee Cake ","120","370","10","3","0.2","0","240","65","4","39","7","0","20","4","20","Starbucks"
"Blueberry Scone","120","460","22","12","0.5","75","420","61","2","17","7","20","0","15","15","Starbucks"
"Lemon Cranberry Scone","120","330","16","8","0","60","420","63","2","32","5","15","4","4","15","Starbucks"
"Veggie Artisan Breakfast Sandwich","121","350","18","7","0.3","155","590","30","0","1","17","6","4","25","20","Starbucks"
"Apple Fritter ","122","430","19","9","0","0","310","60","2","28","6","0","0","8","20","Starbucks"
"Ham & Cheddar Artisan Breakfast Sandwich","133","350","16","6","0.1","180","790","31","0","0","20","10","10","20","20","Starbucks"
"Reduced Fat Turkey Bacon, White Cheddar & Egg Whites Breakfast Sandwich","137","320","7","2","0.1","20","700","43","3","6","18","6","0","25","20","Starbucks"
"Tomato Mozzarella Panini ","145","420","17","5","0.1","20","820","53","5","0","15","60","6","20","25","Starbucks"
"Spinach Feta Wrap","158","290","10","3.5","0.2","20","830","33","6","4","19","70","15","20","15","Starbucks"
"Chicken Santa Fe Panini ","159","370","13","7","0.3","55","1070","45","2","1","22","20","20","15","20","Starbucks"
"Honey Greek Yogurt Parfait","165","270","12","5","0.2","35","70","37","2","25","6","15","2","15","8","Starbucks"
"Cheese & Fruit Bistro Box","166","470","28","12","0.5","50","520","42","7","19","17","15","6","35","15","Starbucks"
"Classic Sausage & Cheddar Breakfast Sandwich","170","500","28","9","0.2","165","920","41","1","3","19","10","0","30","25","Starbucks"
"Fruit Cup","170","80","0","0","0","0","15","20","3","17","1","30","80","2","2","Starbucks"
"Turkey & Peppered Bacon Panini","178","460","18","7","0.2","65","1120","49","3","4","24","8","15","15","25","Starbucks"
"Turkey Rustico Panini","183","480","18","6","0","55","1120","53","4","13","33","50","20","25","20","Starbucks"
"Chicken Caesar Wrap","184","490","29","4.5","0.3","35","880","41","4","5","17","40","20","10","20","Starbucks"
"Thai Tuna Wrap","189","510","25","3.5","0.2","35","1020","55","3","10","18","20","2","4","20","Starbucks"
"Protein Bistro Box","192","360","18","6","0.1","210","520","37","5","19","15","15","6","15","15","Starbucks"
"Sesame Chicken Wrap","198","480","20","3","0.2","15","720","62","5","9","15","2","40","6","20","Starbucks"
"Peach Raspberry Parfait","202","270","4","0.5","0","5","140","51","3","33","9","10","6","20","20","Starbucks"
"Strawberry Blueberry Parfait","202","290","4","0.5","0","5","150","55","3","37","9","8","25","20","20","Starbucks"
"Zesty Black Bean & Quinoa Wrap","203","500","22","7","0.4","25","830","63","5","4","15","10","15","10","25","Starbucks"
"Turkey & Cheddar Sandwich","211","480","16","6","0.2","55","1610","19","4","1","26","15","4","15","30","Starbucks"
"Ham & Swiss Panini","212","410","14","7","0.3","60","1560","42","2","2","29","25","6","30","25","Starbucks"
"Oatmeal Cookie","400","130","15","6","0","25","280","61","4","32","7","15","0","2","15","Starbucks"
"Espresso","60","10","0","0","0","0","0","2","0","0","1","0","0","0","0","Starbucks"
"Iced Brewed Coffee (With Classic Syrup), No Milk","473","90","0","0","0","0","5","21","0","20","0","0","0","0","0","Starbucks"
"Iced Brewed Coffee (With Classic Syrup), Nonfat Milk","473","110","0","0","0","0","30","24","0","24","2","2","0","8","0","Starbucks"
"Iced Brewed Coffee (With Classic Syrup), 2% Milk","473","120","1.5","0.5","0","5","35","24","0","24","2","2","0","8","0","Starbucks"
"Iced Brewed Coffee (With Classic Syrup), Soymilk US","473","120","1","0","0","0","30","25","0","24","2","2","0","8","2","Starbucks"
"Tazo® Shaken Iced Tea (With Classic Syrup), ","473","80","0","0","0","0","0","21","0","21","0","0","0","0","0","Starbucks"
"Tazo® Shaken Iced Tea Lemonade (With Classic Syrup), ","473","130","0","0","0","0","0","33","0","33","0","0","15","0","0","Starbucks"
"Berry Hibiscus Refresher, ","473","70","0","0","0","0","0","18","1","16","0","0","110","0","2","Starbucks"
"Cool Lime Refresher, ","473","60","0","0","0","0","0","15","0","14","0","0","120","0","0","Starbucks"
"Banana Chocolate Smoothie, Nonfat Milk","473","280","2.5","1.5","0","5","150","53","7","34","20","8","15","20","15","Starbucks"
"Banana Chocolate Smoothie, 2% Milk","473","300","5","2.5","0","15","160","53","7","34","20","9","15","20","15","Starbucks"
"Banana Chocolate Smoothie, Soymilk US","473","300","4.5","1.5","0","5","150","56","7","35","19","8","15","20","20","Starbucks"
"Orange Mango Banana Smoothie, Nonfat Milk","473","260","1","0","0","5","120","54","6","37","16","35","80","10","6","Starbucks"
"Orange Mango Banana Smoothie, 2% Milk","473","270","1.5","0.5","0","5","125","53","6","37","16","35","80","10","6","Starbucks"
"Orange Mango Banana Smoothie, Soymilk US","473","270","1.5","0","0","5","120","54","6","37","15","35","80","10","6","Starbucks"
"Strawberry Banana Smoothie, Nonfat Milk","473","290","1","0","0","5","125","60","7","41","16","4","35","10","10","Starbucks"
"Strawberry Banana Smoothie, 2% Milk","473","300","2","1","0","5","130","60","7","41","16","4","35","10","8","Starbucks"
"Strawberry Banana Smoothie, Soymilk US","473","300","1.5","0","0","5","125","60","7","42","15","4","35","10","10","Starbucks"
"Tazo® Tea, ","473","0","0","0","0","0","0","0","0","0","0","0","0","0","0","Starbucks"
"Tazo® Chai Tea Latte, Nonfat Milk","473","210","0","0","0","5","105","45","0","43","8","8","0","30","2","Starbucks"
"Tazo® Chai Tea Latte, 2% Milk","473","240","4.5","2","0","20","115","45","0","42","8","8","0","25","2","Starbucks"
"Tazo® Chai Tea Latte, Soymilk US","473","240","3.5","0","0","0","90","47","1","43","6","8","0","25","8","Starbucks"
"Tazo® Green Tea Latte, Nonfat Milk","473","290","0","0","0","10","160","57","1","56","14","15","15","50","4","Starbucks"
"Tazo® Green Tea Latte, 2% Milk","473","350","8","4","0","30","180","57","1","55","14","15","15","45","4","Starbucks"
"Tazo® Full-Leaf Tea Latte, Nonfat Milk","473","150","0","0","0","5","85","31","0","31","7","8","0","25","0","Starbucks"
"Tazo® Full-Leaf Tea Latte, 2% Milk","473","190","4","2","0","15","95","31","0","30","7","8","0","25","0","Starbucks"
"Tazo® Full-Leaf Tea Latte, Soymilk US","473","190","3.5","0","0","0","80","34","1","31","6","8","0","25","6","Starbucks"
"Tazo® Full-Leaf Red Tea Latte (Vanilla Rooibos), Nonfat Milk","473","150","0","0","0","5","85","31","0","31","7","8","0","25","0","Starbucks"
"Tazo® Full-Leaf Red Tea Latte (Vanilla Rooibos), 2% Milk","473","190","4","2","0","15","95","31","0","30","7","8","0","25","0","Starbucks"
"Tazo® Full-Leaf Red Tea Latte (Vanilla Rooibos), Soymilk US","473","190","3.5","0","0","0","80","34","1","31","6","8","0","25","6","Starbucks"
"Frappuccino® Blended Coffee, Coffee, Nonfat Milk","473","220","0","0","0","0","210","51","0","50","4","4","0","10","0","Starbucks"
"Frappuccino® Blended Coffee, Coffee, Whole Milk","473","240","3","2","0","10","220","50","0","50","3","4","0","10","0","Starbucks"
"Frappuccino® Blended Coffee, Coffee, Soymilk US","473","230","1.5","0","0","0","210","52","0","50","3","4","0","10","4","Starbucks"
"Frappuccino® Blended Coffee, Mocha (Without Whipped Cream), Nonfat Milk","473","260","1","0.5","0","0","220","61","1","58","4","4","0","15","6","Starbucks"
"Frappuccino® Blended Coffee, Mocha (Without Whipped Cream), Whole Milk","473","290","4","2.5","0","10","220","61","1","58","4","4","0","10","6","Starbucks"
"Frappuccino® Blended Coffee, Mocha (Without Whipped Cream), Soymilk US","473","280","2.5","0.5","0","0","220","62","1","58","4","4","0","15","10","Starbucks"
"Frappuccino® Blended Coffee, Caramel (Without Whipped Cream), Nonfat Milk","473","250","0","0","0","0","220","60","0","59","4","4","0","15","0","Starbucks"
"Frappuccino® Blended Coffee, Caramel (Without Whipped Cream), Whole Milk","473","280","3.5","2","0","10","220","60","0","59","3","4","0","10","0","Starbucks"
"Frappuccino® Blended Coffee, Caramel (Without Whipped Cream), Soymilk US","473","270","1.5","0","0","0","220","61","0","59","3","4","0","10","4","Starbucks"
"Frappuccino® Blended Coffee, Java Chip (Without Whipped Cream), Nonfat Milk","473","310","4","3","0","0","250","67","2","62","5","4","0","15","20","Starbucks"
"Frappuccino® Blended Coffee, Java Chip (Without Whipped Cream), Whole Milk","473","340","7","5","0","10","250","67","2","62","5","4","0","10","20","Starbucks"
"Frappuccino® Blended Coffee, Java Chip (Without Whipped Cream), Soymilk US","473","330","6","3.5","0","0","240","68","2","63","4","4","0","10","25","Starbucks"
"Frappuccino® Light Blended Coffee, Coffee, Nonfat Milk","473","110","0","0","0","0","200","24","0","23","3","4","0","10","0","Starbucks"
"Frappuccino® Light Blended Coffee, Mocha, Nonfat Milk","473","130","0.5","0","0","0","170","28","1","26","4","4","0","10","6","Starbucks"
"Frappuccino® Light Blended Coffee, Caramel, Nonfat Milk","473","140","0","0","0","0","190","30","0","29","3","4","0","10","0","Starbucks"
"Frappuccino® Light Blended Coffee, Java Chip, Nonfat Milk","473","200","4","3","0","0","230","40","2","36","5","4","0","10","20","Starbucks"
"Frappuccino® Crème, Strawberries & Crème (Without Whipped Cream), Nonfat Milk","473","230","0","0","0","0","190","53","0","52","4","4","6","15","2","Starbucks"
"Frappuccino® Crème, Strawberries & Crème (Without Whipped Cream), Whole Milk","473","260","4","2","0","10","190","53","0","52","4","4","6","15","2","Starbucks"
"Frappuccino® Crème, Strawberries & Crème (Without Whipped Cream), Soymilk US","473","250","2","0","0","0","180","55","1","52","3","4","6","15","6","Starbucks"
"Frappuccino® Crème, Vanilla Bean (Without Whipped Cream), Nonfat Milk","473","240","0","0","0","8","230","56","0","55","5","6","0","15","0","Starbucks"
"Frappuccino® Crème, Vanilla Bean (Without Whipped Cream), Whole Milk","473","280","4.5","2.5","0","15","230","56","0","55","4","4","0","15","0","Starbucks"
"Frappuccino® Crème, Vanilla Bean (Without Whipped Cream), Soymilk US","473","270","2.5","0","0","0","220","59","1","55","4","6","0","15","4","Starbucks"
"Frappuccino® Crème, Double Chocolaty Chip (Without Whipped Cream), Nonfat Milk","473","260","4","3","0","5","250","53","2","49","6","6","0","15","20","Starbucks"
"Frappuccino® Crème, Double Chocolaty Chip (Without Whipped Cream), Whole Milk","473","290","8","6","0","15","250","53","2","49","6","4","0","15","20","Starbucks"
"Frappuccino® Crème, Double Chocolaty Chip (Without Whipped Cream), Soymilk US","473","280","6","3.5","0","0","240","55","2","49","5","6","0","15","25","Starbucks"
"Frappuccino® Crème, Green Tea (Without Whipped Cream), Nonfat Milk","473","280","0","0","0","5","220","65","1","64","5","6","10","15","2","Starbucks"
"Frappuccino® Crème, Green Tea (Without Whipped Cream), Whole Milk","473","320","4.5","2.5","0","15","220","65","1","63","5","6","10","15","2","Starbucks"
"Frappuccino® Crème, Green Tea (Without Whipped Cream), Soymilk US","473","310","2.5","0","0","0","210","67","2","64","5","6","10","15","6","Starbucks"
"Skinny Latte (Any Flavor)","473","120","0","0","0","5","160","18","0","16","12","15","0","40","0","Starbucks"
"Caramel Macchiato","473","190","1","1","0","10","130","35","0","32","11","15","0","35","0","Starbucks"
"Caramel Macchiato","473","240","7","3.5","0","25","150","34","0","32","10","10","2","35","0","Starbucks"
"Caramel Macchiato","473","240","5","1","0","5","115","38","1","32","9","10","0","35","8","Starbucks"
"White Chocolate Mocha (Without Whipped Cream), Nonfat Milk","473","350","6","4.5","0","10","230","61","0","58","14","10","2","50","0","Starbucks"
"White Chocolate Mocha (Without Whipped Cream), 2% Milk","473","400","11","7","0","30","240","60","0","58","14","10","2","50","0","Starbucks"
"White Chocolate Mocha (Without Whipped Cream), Soymilk US","473","400","10","5","0","5","210","64","1","58","12","10","2","45","10","Starbucks"
"Hot Chocolate (Without Whipped Cream), Nonfat Milk","473","240","2.5","1.5","0","5","140","48","2","41","14","15","0","40","20","Starbucks"
"Hot Chocolate (Without Whipped Cream), 2% Milk","473","290","9","5","0","25","160","47","2","41","14","15","2","40","20","Starbucks"
"Hot Chocolate (Without Whipped Cream), Soymilk US","473","290","7","2","0","0","125","51","3","41","12","15","0","40","30","Starbucks"
"Caramel Apple Spice (Without Whipped Cream)","473","280","0","0","0","0","20","70","0","65","0","0","0","0","0","Starbucks"
"Brewed Coffee","473","5","0","0","0","0","10","0","0","0","1","0","0","0","0","Starbucks"
"Caffè Latte, Nonfat Milk","473","130","0","0","0","5","150","19","0","18","13","15","0","45","0","Starbucks"
"Caffè Latte, 2% Milk","473","190","7","4.5","0","30","150","18","0","17","12","15","0","40","0","Starbucks"
"Caffè Latte, Soymilk US","473","170","4.5","0.5","0","0","125","23","1","17","9","15","0","40","8","Starbucks"
"Caffè Mocha (Without Whipped Cream), Nonfat Milk","473","220","2.5","1.5","0","5","125","43","2","34","13","10","0","35","20","Starbucks"
"Caffè Mocha (Without Whipped Cream), 2% Milk","473","260","8","4.5","0","25","140","42","2","34","13","10","2","35","20","Starbucks"
"Caffè Mocha (Without Whipped Cream), Soymilk US","473","260","7","2","0","0","105","46","3","34","11","10","0","35","25","Starbucks"
"Vanilla Latte (Or Other Flavored Latte), Nonfat Milk","473","200","0","0","0","5","140","37","0","35","12","15","0","40","0","Starbucks"
"Vanilla Latte (Or Other Flavored Latte), 2% Milk","473","250","6","3.5","0","25","150","37","0","35","12","10","2","40","0","Starbucks"
"Vanilla Latte (Or Other Flavored Latte), Soymilk US","473","250","5","0.5","0","0","120","41","1","35","9","10","0","35","10","Starbucks"
"Caffè Americano","473","15","0","0","0","0","15","3","0","0","1","0","0","2","0","Starbucks"
"Cappuccino, Nonfat Milk","473","80","0","0","0","5","90","12","0","10","8","8","0","25","0","Starbucks"
"Cappuccino, 2% Milk","473","120","4","2","0","15","100","12","0","10","8","8","0","25","0","Starbucks"
"Cappuccino, Soymilk US","473","120","3.5","0","0","0","80","16","1","11","7","8","0","25","6","Starbucks"
"Tazo® Green Tea Latte,  , Soymilk US","Grande ","350","6","1","0","0","140","62","3","56","11","15","15","45","15","Starbucks"
"Tazo® Tea, ","236","0","0","0","0","0","0","0","0","0","0","0","0","0","0","Starbucks"
"Tazo® Chai Tea Latte, Nonfat Milk","236","100","0","0","0","0","50","22","0","21","4","4","0","15","0","Starbucks"
"Tazo® Chai Tea Latte, 2% Milk","236","120","2","1","0","10","55","22","0","21","4","4","0","15","0","Starbucks"
"Tazo® Chai Tea Latte, Soymilk US","236","120","1.5","0","0","0","45","24","0","21","3","4","0","15","4","Starbucks"
"Tazo® Green Tea Latte, Nonfat Milk","236","130","0","0","0","5","85","26","0","25","7","8","4","25","2","Starbucks"
"Tazo® Green Tea Latte, 2% Milk","236","170","4","2","0","15","95","26","0","25","7","8","6","25","2","Starbucks"
"Tazo® Green Tea Latte, Soymilk US","236","170","3","0","0","0","70","28","1","26","6","8","4","25","8","Starbucks"
"Tazo® Full-Leaf Tea Latte, Nonfat Milk","236","80","0","0","0","0","45","16","0","16","4","4","0","15","0","Starbucks"
"Tazo® Full-Leaf Tea Latte, 2% Milk","236","90","2","1","0","10","50","15","0","15","3","4","0","15","0","Starbucks"
"Tazo® Full-Leaf Tea Latte, Soymilk US","236","100","1.5","0","0","0","40","17","0","16","3","4","0","15","4","Starbucks"
"Tazo® Full-Leaf Red Tea Latte (Vanilla Rooibos), Nonfat Milk","236","80","0","0","0","0","45","16","0","16","4","4","0","15","0","Starbucks"
"Tazo® Full-Leaf Red Tea Latte (Vanilla Rooibos), 2% Milk","236","90","2","1","0","10","50","15","0","15","3","4","0","15","0","Starbucks"
"Tazo® Full-Leaf Red Tea Latte (Vanilla Rooibos), Soymilk US","236","100","1.5","0","0","0","40","17","0","16","3","4","0","15","4","Starbucks"
"Skinny Latte (Any Flavor)","236","60","0","0","0","5","80","9","0","8","6","6","0","20","0","Starbucks"
"Caramel Macchiato","236","100","1","0.5","0","5","70","17","0","15","6","6","0","20","0","Starbucks"
"Caramel Macchiato","236","120","4","2","0","15","80","16","0","15","5","6","0","20","0","Starbucks"
"Caramel Macchiato","236","120","3","1","0","0","60","18","1","15","4","6","0","20","4","Starbucks"
"White Chocolate Mocha (Without Whipped Cream), Nonfat Milk","236","180","3","2.5","0","5","115","30","0","29","7","6","0","25","0","Starbucks"
"White Chocolate Mocha (Without Whipped Cream), 2% Milk","236","200","6","3.5","0","15","120","30","0","29","7","6","2","25","0","Starbucks"
"White Chocolate Mocha (Without Whipped Cream), Soymilk US","236","200","5","2.5","0","5","105","32","1","29","6","6","0","25","4","Starbucks"
"Hot Chocolate (Without Whipped Cream), Nonfat Milk","236","130","1.5","1","0","5","70","26","1","23","7","6","0","20","10","Starbucks"
"Hot Chocolate (Without Whipped Cream), 2% Milk","236","150","4.5","2.5","0","15","80","26","1","22","7","6","0","20","10","Starbucks"
"Hot Chocolate (Without Whipped Cream), Soymilk US","236","150","3.5","1","0","0","60","28","2","23","6","6","0","20","15","Starbucks"
"Caramel Apple Spice (Without Whipped Cream)","236","140","0","0","0","0","10","35","0","33","0","0","0","0","0","Starbucks"
"Brewed Coffee","236","5","0","0","0","0","5","0","0","0","0","0","0","0","0","Starbucks"
"Caffè Latte, Nonfat Milk","236","70","0","0","0","5","75","10","0","9","6","8","0","25","0","Starbucks"
"Caffè Latte, 2% Milk","236","100","3.5","2.5","0","15","75","9","0","8","6","6","0","20","0","Starbucks"
"Caffè Latte, Soymilk US","236","90","2.5","0","0","0","65","12","1","9","4","6","0","20","4","Starbucks"
"Caffè Mocha (Without Whipped Cream), Nonfat Milk","236","110","1.5","1","0","5","60","21","1","17","7","6","0","20","10","Starbucks"
"Caffè Mocha (Without Whipped Cream), 2% Milk","236","130","4","2","0","10","70","21","1","17","6","6","0","20","10","Starbucks"
"Caffè Mocha (Without Whipped Cream), Soymilk US","236","130","3.5","1","0","0","55","23","2","17","6","6","0","15","15","Starbucks"
"Vanilla Latte (Or Other Flavored Latte), Nonfat Milk","236","100","0","0","0","5","70","19","0","18","6","6","0","20","0","Starbucks"
"Vanilla Latte (Or Other Flavored Latte), 2% Milk","236","130","3.5","1.5","0","15","80","18","0","17","6","6","0","20","0","Starbucks"
"Vanilla Latte (Or Other Flavored Latte), Soymilk US","236","130","2.5","0","0","0","60","21","1","18","5","6","0","20","6","Starbucks"
"Caffè Americano","236","5","0","0","0","0","5","1","0","0","0","0","0","0","0","Starbucks"
"Cappuccino, Nonfat Milk","236","50","0","0","0","5","60","8","0","7","5","6","0","20","0","Starbucks"
"Cappuccino, 2% Milk","236","80","3","1.5","0","10","70","8","0","7","5","6","0","15","0","Starbucks"
"Cappuccino, Soymilk US","236","60","1.5","0","0","0","40","8","0","6","3","4","0","15","4","Starbucks"
"Espresso","30","5","0","0","0","0","0","1","0","0","0","0","0","0","0","Starbucks"
"Iced Brewed Coffee (With Classic Syrup), No Milk","354","60","0","0","0","0","0","15","0","15","0","0","0","0","0","Starbucks"
"Iced Brewed Coffee (With Classic Syrup), Nonfat Milk","354","80","0","0","0","0","25","18","0","18","2","2","0","6","0","Starbucks"
"Iced Brewed Coffee (With Classic Syrup), 2% Milk","354","90","1","0","0","5","25","18","0","18","2","2","0","6","0","Starbucks"
"Iced Brewed Coffee (With Classic Syrup), Soymilk US","354","90","1","0","0","0","20","19","0","18","2","2","0","6","2","Starbucks"
"Tazo® Shaken Iced Tea (With Classic Syrup), ","354","60","0","0","0","0","0","15","0","15","0","0","0","0","0","Starbucks"
"Tazo® Shaken Iced Tea Lemonade (With Classic Syrup), ","354","100","0","0","0","0","0","25","0","24","0","0","10","0","0","Starbucks"
"Berry Hibiscus Refresher, ","354","60","0","0","0","0","0","14","1","12","0","0","90","0","0","Starbucks"
"Cool Lime Refresher, ","354","45","0","0","0","0","0","12","0","11","0","0","90","0","0","Starbucks"
"Tazo® Tea, ","354","0","0","0","0","0","0","0","0","0","0","0","0","0","0","Starbucks"
"Tazo® Chai Tea Latte, Nonfat Milk","354","160","0","0","0","5","80","34","0","32","6","6","0","20","2","Starbucks"
"Tazo® Chai Tea Latte, 2% Milk","354","190","3.5","1.5","0","15","90","34","0","32","6","6","0","20","2","Starbucks"
"Tazo® Chai Tea Latte, Soymilk US","354","180","2.5","0","0","0","70","36","1","32","5","6","0","20","6","Starbucks"
"Tazo® Green Tea Latte, Nonfat Milk","354","210","0","0","0","5","125","42","1","41","11","15","10","35","2","Starbucks"
"Tazo® Green Tea Latte, 2% Milk","354","260","6","3","0","25","140","41","1","40","10","10","10","35","2","Starbucks"
"Tazo® Green Tea Latte, Soymilk US","354","260","4.5","0.5","0","0","110","45","2","41","9","10","10","35","10","Starbucks"
"Tazo® Full-Leaf Tea Latte, Nonfat Milk","354","120","0","0","0","5","65","23","0","23","5","6","0","20","0","Starbucks"
"Tazo® Full-Leaf Tea Latte, 2% Milk","354","140","3","1.5","0","15","75","23","0","23","5","6","0","20","0","Starbucks"
"Tazo® Full-Leaf Tea Latte, Soymilk US","354","140","2.5","0","0","0","60","26","1","24","4","6","0","20","6","Starbucks"
"Tazo® Full-Leaf Red Tea Latte (Vanilla Rooibos), Nonfat Milk","354","120","0","0","0","5","65","23","0","23","5","6","0","20","0","Starbucks"
"Tazo® Full-Leaf Red Tea Latte (Vanilla Rooibos), 2% Milk","354","140","3","1.5","0","15","75","23","0","23","5","6","0","20","0","Starbucks"
"Tazo® Full-Leaf Red Tea Latte (Vanilla Rooibos), Soymilk US","354","140","2.5","0","0","0","60","26","1","24","4","6","0","20","6","Starbucks"
"Frappuccino® Blended Coffee, Coffee, Nonfat Milk","354","160","0","0","0","0","160","36","0","36","3","4","0","10","0","Starbucks"
"Frappuccino® Blended Coffee, Coffee, Whole Milk","354","180","2.5","1.5","0","10","160","36","0","36","3","2","0","10","0","Starbucks"
"Frappuccino® Blended Coffee, Coffee, Soymilk US","354","170","1.5","0","0","0","150","37","0","36","2","4","0","10","2","Starbucks"
"Frappuccino® Blended Coffee, Mocha (Without Whipped Cream), Nonfat Milk","354","180","0.5","0","0","0","150","42","1","40","3","4","0","10","4","Starbucks"
"Frappuccino® Blended Coffee, Mocha (Without Whipped Cream), Whole Milk","354","200","3","2","0","10","160","42","1","40","3","2","0","10","4","Starbucks"
"Frappuccino® Blended Coffee, Mocha (Without Whipped Cream), Soymilk US","354","190","2","0","0","0","150","43","1","40","3","4","0","10","8","Starbucks"
"Frappuccino® Blended Coffee, Caramel (Without Whipped Cream), Nonfat Milk","354","180","0","0","0","0","160","42","0","41","3","4","0","10","0","Starbucks"
"Frappuccino® Blended Coffee, Caramel (Without Whipped Cream), Whole Milk","354","200","2.5","1.5","0","10","160","42","0","41","3","2","0","10","0","Starbucks"
"Frappuccino® Blended Coffee, Caramel (Without Whipped Cream), Soymilk US","354","190","1.5","0","0","0","150","43","0","42","2","4","0","10","2","Starbucks"
"Frappuccino® Blended Coffee, Java Chip (Without Whipped Cream), Nonfat Milk","354","220","3","2","0","0","170","47","1","44","4","4","0","10","15","Starbucks"
"Frappuccino® Blended Coffee, Java Chip (Without Whipped Cream),  , Whole Milk","354","240","5","3.5","0","10","170","47","1","44","4","2","0","10","15","Starbucks"
"Frappuccino® Blended Coffee, Java Chip (Without Whipped Cream),  , Soymilk US","354","230","4","2.5","0","0","170","48","1","44","3","4","0","10","15","Starbucks"
"Frappuccino® Light Blended Coffee, Coffee, Nonfat Milk","354","90","0","0","0","0","150","18","0","18","3","4","0","10","0","Starbucks"
"Frappuccino® Light Blended Coffee, Mocha, Nonfat Milk","354","110","0.5","0","0","0","140","23","1","21","3","4","0","10","4","Starbucks"
"Frappuccino® Light Blended Coffee, Caramel, Nonfat Milk","354","100","0","0","0","0","150","22","0","22","3","4","0","10","0","Starbucks"
"Frappuccino® Light Blended Coffee, Java Chip, Nonfat Milk","354","150","2.5","2","0","0","170","29","1","26","4","4","0","10","15","Starbucks"
"Frappuccino® Crème, Strawberries & Crème (Without Whipped Cream), Nonfat Milk","354","170","0","0","0","0","140","39","0","38","3","4","6","10","2","Starbucks"
"Frappuccino® Crème, Strawberries & Crème (Without Whipped Cream), Whole Milk","354","190","3","1.5","0","10","140","38","0","37","3","4","6","10","2","Starbucks"
"Frappuccino® Crème, Strawberries & Crème (Without Whipped Cream), Soymilk US","354","180","1.5","0","0","0","135","40","1","38","3","4","6","10","4","Starbucks"
"Frappuccino® Crème, Vanilla Bean (Without Whipped Cream), Nonfat Milk","354","170","0","0","0","0","160","39","0","38","4","4","0","15","0","Starbucks"
"Frappuccino® Crème, Vanilla Bean (Without Whipped Cream), Whole Milk","354","200","3.5","2","0","10","160","39","0","39","3","4","0","10","0","Starbucks"
"Frappuccino® Crème, Vanilla Bean (Without Whipped Cream), Soymilk US","354","190","1.5","0","0","0","160","40","1","38","3","4","0","15","4","Starbucks"
"Frappuccino® Crème, Double Chocolaty Chip (Without Whipped Cream), Nonfat Milk","354","190","3","2.5","0","0","180","39","1","36","5","4","0","15","15","Starbucks"
"Frappuccino® Crème, Double Chocolaty Chip (Without Whipped Cream), Whole Milk","354","220","6","4","0","10","180","38","1","35","4","4","0","15","15","Starbucks"
"Frappuccino® Crème, Double Chocolaty Chip (Without Whipped Cream), Soymilk US","354","210","4.5","2.5","0","0","180","40","2","36","4","4","0","15","20","Starbucks"
"Frappuccino® Crème, Green Tea (Without Whipped Cream), Nonfat Milk","354","210","0","0","0","0","160","48","1","47","4","6","10","15","2","Starbucks"
"Frappuccino® Crème, Green Tea (Without Whipped Cream), Whole Milk","354","240","3.5","2","0","10","160","48","1","47","4","4","10","15","2","Starbucks"
"Frappuccino® Crème, Green Tea (Without Whipped Cream), Soymilk US","354","230","2","0","0","0","160","49","1","47","4","6","10","15","6","Starbucks"
"Skinny Latte (Any Flavor)","354","100","0","0","0","5","125","14","0","13","9","10","0","30","0","Starbucks"
"Caramel Macchiato","354","140","1","0.5","0","5","105","25","0","24","8","10","0","30","0","Starbucks"
"Caramel Macchiato","354","180","5","3","0","20","115","25","0","23","8","10","0","30","0","Starbucks"
"Caramel Macchiato","354","180","4.5","1","0","0","90","28","1","24","7","10","0","25","6","Starbucks"
"White Chocolate Mocha (Without Whipped Cream), Nonfat Milk","354","270","4.5","3.5","0","10","180","46","0","45","11","10","2","40","0","Starbucks"
"White Chocolate Mocha (Without Whipped Cream), 2% Milk","354","300","9","6","0","25","190","46","0","44","11","10","2","40","0","Starbucks"
"White Chocolate Mocha (Without Whipped Cream), Soymilk US","354","300","8","4","0","5","170","49","1","45","10","10","2","35","8","Starbucks"
"Hot Chocolate (Without Whipped Cream), Nonfat Milk","354","190","2","1","0","5","110","37","1","32","11","10","0","30","15","Starbucks"
"Hot Chocolate (Without Whipped Cream), 2% Milk","354","230","7","3.5","0","20","120","37","1","32","10","10","0","30","15","Starbucks"
"Hot Chocolate (Without Whipped Cream), Soymilk US","354","230","6","1.5","0","0","95","40","2","32","9","10","0","30","20","Starbucks"
"Caramel Apple Spice (Without Whipped Cream)","354","210","0","0","0","0","15","53","0","49","0","0","0","0","0","Starbucks"
"Brewed Coffee","354","5","0","0","0","0","10","0","0","0","0","0","0","0","0","Starbucks"
"Caffè Latte, Nonfat Milk","354","100","0","0","0","5","120","15","0","14","10","10","0","35","0","Starbucks"
"Caffè Latte, 2% Milk","354","150","6","3.5","0","25","115","14","0","13","10","10","0","35","0","Starbucks"
"Caffè Latte, Soymilk US","354","130","4","0.5","0","0","100","18","1","14","7","10","0","30","6","Starbucks"
"Caffè Mocha (Without Whipped Cream), Nonfat Milk","354","170","2","1","0","5","100","32","1","27","10","10","0","30","15","Starbucks"
"Caffè Mocha (Without Whipped Cream), 2% Milk","354","200","6","3.5","0","20","115","32","1","26","10","10","0","30","15","Starbucks"
"Caffè Mocha (Without Whipped Cream), Soymilk US","354","200","5","1.5","0","0","85","35","2","27","9","10","0","30","20","Starbucks"
"Vanilla Latte (Or Other Flavored Latte), Nonfat Milk","354","150","0","0","0","5","110","28","0","27","9","10","0","30","0","Starbucks"
"Vanilla Latte (Or Other Flavored Latte), 2% Milk","354","200","5","2.5","0","20","125","28","0","27","9","10","0","30","0","Starbucks"
"Vanilla Latte (Or Other Flavored Latte), Soymilk US","354","190","4","0.5","0","0","95","31","1","27","7","10","0","30","8","Starbucks"
"Caffè Americano","354","10","0","0","0","0","10","2","0","0","1","0","0","2","0","Starbucks"
"Cappuccino, Nonfat Milk","354","60","0","0","0","5","70","9","0","8","6","6","0","20","0","Starbucks"
"Cappuccino, 2% Milk","354","90","3.5","1.5","0","15","80","9","0","8","6","6","0","20","0","Starbucks"
"Cappuccino, Soymilk US","354","100","3","0","0","0","65","12","1","9","5","6","0","20","6","Starbucks"
"Iced Brewed Coffee (With Classic Syrup), No Milk","916","170","0","0","0","0","10","41","0","41","1","0","0","0","0","Starbucks"
"Iced Brewed Coffee (With Classic Syrup), Nonfat Milk","916","210","0","0","0","5","65","48","0","48","5","6","0","15","0","Starbucks"
"Iced Brewed Coffee (With Classic Syrup), 2% Milk","916","240","3","1.5","0","10","70","48","0","48","5","6","0","15","0","Starbucks"
"Iced Brewed Coffee (With Classic Syrup), Soymilk US","916","240","2","0","0","0","55","50","1","48","4","6","0","15","4","Starbucks"
"Tazo® Shaken Iced Tea (With Classic Syrup), ","916","140","0","0","0","0","0","36","0","36","0","0","0","0","0","Starbucks"
"Tazo® Shaken Iced Tea Lemonade (With Classic Syrup), ","916","230","0","0","0","0","0","59","0","59","0","0","25","0","0","Starbucks"
"Berry Hibiscus Refresher, ","916","130","0","0","0","0","0","30","1","27","0","0","210","2","2","Starbucks"
"Cool Lime Refresher, ","916","110","0","0","0","0","0","29","0","27","0","0","220","0","0","Starbucks"
"Skinny Latte (Any Flavor)","591","160","0","0","0","10","200","24","0","21","15","20","0","50","0","Starbucks"
"Caramel Macchiato","591","240","1","1","0","10","170","43","0","41","13","15","0","45","0","Starbucks"
"Caramel Macchiato","591","300","8","4.5","0","35","180","43","0","40","13","15","2","45","0","Starbucks"
"Caramel Macchiato","591","300","7","1.5","0","5","140","48","1","41","11","15","0","45","10","Starbucks"
"White Chocolate Mocha (Without Whipped Cream), Nonfat Milk","591","440","7","6","0","15","300","77","0","74","18","15","2","60","0","Starbucks"
"White Chocolate Mocha (Without Whipped Cream), 2% Milk","591","500","15","10","0","35","320","76","0","74","18","15","4","60","0","Starbucks"
"White Chocolate Mocha (Without Whipped Cream), Soymilk US","591","500","13","6","0","5","270","81","1","74","16","15","2","60","10","Starbucks"
"Hot Chocolate (Without Whipped Cream), Nonfat Milk","591","320","3","2","0","10","180","63","2","55","18","15","0","50","25","Starbucks"
"Hot Chocolate (Without Whipped Cream), 2% Milk","591","380","11","6","0","35","200","63","2","54","17","15","2","50","25","Starbucks"
"Hot Chocolate (Without Whipped Cream), Soymilk US","591","380","9","2.5","0","0","160","68","4","55","15","15","0","50","35","Starbucks"
"Caramel Apple Spice (Without Whipped Cream)","591","360","0","0","0","0","25","89","0","83","0","0","0","0","0","Starbucks"
"Brewed Coffee","591","5","0","0","0","0","10","0","0","0","1","0","0","2","0","Starbucks"
"Caffè Latte, Nonfat Milk","591","170","0","0","0","10","190","25","0","23","16","20","0","60","0","Starbucks"
"Caffè Latte, 2% Milk","591","240","9","6","0","35","190","24","0","22","16","15","0","50","0","Starbucks"
"Caffè Latte, Soymilk US","591","220","6","1","0","0","170","30","2","23","11","15","0","50","10","Starbucks"
"Caffè Mocha (Without Whipped Cream), Nonfat Milk","591","280","3","2","0","10","160","54","2","44","17","15","0","50","25","Starbucks"
"Caffè Mocha (Without Whipped Cream), 2% Milk","591","340","11","6","0","30","180","53","2","43","17","15","2","50","25","Starbucks"
"Caffè Mocha (Without Whipped Cream), Soymilk US","591","340","9","2.5","0","0","140","58","4","44","14","15","0","45","35","Starbucks"
"Vanilla Latte (Or Other Flavored Latte), Nonfat Milk","591","250","0","0","0","10","180","47","0","45","15","20","0","50","0","Starbucks"
"Vanilla Latte (Or Other Flavored Latte), 2% Milk","591","320","9","4.5","0","35","200","46","0","44","15","15","2","50","0","Starbucks"
"Vanilla Latte (Or Other Flavored Latte), Soymilk US","591","320","7","1","0","0","160","52","2","45","12","15","0","50","15","Starbucks"
"Caffè Americano","591","25","0","0","0","0","15","4","0","0","1","0","0","2","0","Starbucks"
"Cappuccino, Nonfat Milk","591","110","0","0","0","5","120","16","0","14","10","10","0","35","0","Starbucks"
"Cappuccino, 2% Milk","591","150","6","3","0","25","135","16","0","14","10","10","0","35","0","Starbucks"
"Cappuccino, Soymilk US","591","160","4.5","0.5","0","0","110","20","1","15","9","10","0","35","10","Starbucks"
"Iced Brewed Coffee (With Classic Syrup), No Milk","709","130","0","0","0","0","5","31","0","31","0","0","0","0","0","Starbucks"
"Iced Brewed Coffee (With Classic Syrup), Nonfat Milk","709","160","0","0","0","0","50","36","0","36","4","4","0","15","0","Starbucks"
"Iced Brewed Coffee (With Classic Syrup), 2% Milk","709","180","2","1","0","10","55","36","0","36","4","4","0","15","0","Starbucks"
"Iced Brewed Coffee (With Classic Syrup), Soymilk US","709","180","1.5","0","0","0","45","38","0","36","3","4","0","15","4","Starbucks"
"Tazo® Shaken Iced Tea (With Classic Syrup), ","709","120","0","0","0","0","0","31","0","31","0","0","0","0","0","Starbucks"
"Tazo® Shaken Iced Tea Lemonade (With Classic Syrup), ","709","190","0","0","0","0","0","49","0","49","0","0","20","0","0","Starbucks"
"Berry Hibiscus Refresher, ","709","100","0","0","0","0","0","25","1","22","0","0","170","0","2","Starbucks"
"Cool Lime Refresher, ","709","90","0","0","0","0","0","23","0","22","0","0","180","0","0","Starbucks"
"Frappuccino® Blended Coffee, Coffee, Nonfat Milk","709","310","0","0","0","5","300","70","0","69","6","6","0","20","0","Starbucks"
"Frappuccino® Blended Coffee, Coffee, Whole Milk","709","350","5","3","0","15","300","70","0","69","5","6","0","20","0","Starbucks"
"Frappuccino® Blended Coffee, Coffee, Soymilk US","709","330","2.5","0","0","0","300","73","1","70","5","6","0","20","6","Starbucks"
"Frappuccino® Blended Coffee, Mocha (Without Whipped Cream), Nonfat Milk","709","340","1","0.5","0","5","300","80","1","76","7","6","0","20","8","Starbucks"
"Frappuccino® Blended Coffee, Mocha (Without Whipped Cream), Whole Milk","709","390","6","3.5","0","15","300","80","1","76","6","4","0","20","8","Starbucks"
"Frappuccino® Blended Coffee, Mocha (Without Whipped Cream), Soymilk US","709","370","3.5","1","0","0","290","82","2","77","6","6","0","20","15","Starbucks"
"Frappuccino® Blended Coffee, Caramel (Without Whipped Cream), Nonfat Milk","709","330","0","0","0","5","290","78","0","77","5","6","0","20","0","Starbucks"
"Frappuccino® Blended Coffee, Caramel (Without Whipped Cream), Whole Milk","709","370","5","3","0","15","300","78","0","77","5","4","0","15","0","Starbucks"
"Frappuccino® Blended Coffee, Caramel (Without Whipped Cream), Soymilk US","709","360","2.5","0","0","0","290","80","1","77","5","6","0","20","6","Starbucks"
"Frappuccino® Blended Coffee, Java Chip (Without Whipped Cream), Nonfat Milk","709","420","5","4","0","5","340","90","2","84","7","6","0","20","25","Starbucks"
"Frappuccino® Blended Coffee, Java Chip (Without Whipped Cream), Whole Milk","709","460","10","7","0","15","340","90","2","84","7","4","0","20","25","Starbucks"
"Frappuccino® Blended Coffee, Java Chip (Without Whipped Cream), Soymilk US","709","450","8","4.5","0","0","330","92","3","85","6","6","0","20","30","Starbucks"
"Frappuccino® Light Blended Coffee, Coffee, Nonfat Milk","709","160","0","0","0","5","270","33","0","32","5","6","0","15","0","Starbucks"
"Frappuccino® Light Blended Coffee, Mocha, Nonfat Milk","709","190","1","0.5","0","5","250","41","1","38","6","6","0","15","8","Starbucks"
"Frappuccino® Light Blended Coffee, Caramel, Nonfat Milk","709","190","0","0","0","5","260","40","0","40","5","6","0","15","0","Starbucks"
"Frappuccino® Light Blended Coffee, Java Chip, Nonfat Milk","709","260","5","3.5","0","5","300","51","2","46","7","6","0","15","25","Starbucks"
"Frappuccino® Crème, Strawberries & Crème (Without Whipped Cream), Nonfat Milk","709","310","0","0","0","5","260","70","0","69","6","8","8","25","2","Starbucks"
"Frappuccino® Crème, Strawberries & Crème (Without Whipped Cream), Whole Milk","709","350","6","3","0","15","260","70","0","68","6","6","8","20","2","Starbucks"
"Frappuccino® Crème, Strawberries & Crème (Without Whipped Cream), Soymilk US","709","340","3","0","0","0","250","73","1","69","5","8","8","20","8","Starbucks"
"Frappuccino® Crème, Vanilla Bean (Without Whipped Cream), Nonfat Milk","709","320","0","0","0","5","300","73","0","71","7","8","0","25","0","Starbucks"
"Frappuccino® Crème, Vanilla Bean (Without Whipped Cream), Whole Milk","709","370","7","4","0","20","300","73","0","71","6","6","0","25","0","Starbucks"
"Frappuccino® Crème, Vanilla Bean (Without Whipped Cream), Soymilk US","709","350","3","0","0","0","290","76","1","72","6","8","0","25","6","Starbucks"
"Frappuccino® Crème, Double Chocolaty Chip (Without Whipped Cream), Nonfat Milk","709","350","5","4","0","5","340","71","2","66","9","8","0","25","25","Starbucks"
"Frappuccino® Crème, Double Chocolaty Chip (Without Whipped Cream), Whole Milk","709","400","12","8","0","20","340","71","2","65","8","6","0","25","25","Starbucks"
"Frappuccino® Crème, Double Chocolaty Chip (Without Whipped Cream), Soymilk US","709","380","8","4.5","0","0","330","74","3","66","7","8","0","25","30","Starbucks"
"Frappuccino® Crème, Green Tea (Without Whipped Cream), Nonfat Milk","709","390","0","0","0","5","300","88","2","87","8","10","15","25","4","Starbucks"
"Frappuccino® Crème, Green Tea (Without Whipped Cream), Whole Milk","709","440","7","4","0","20","300","88","2","86","7","8","15","25","4","Starbucks"
"Frappuccino® Crème, Green Tea (Without Whipped Cream), Soymilk US","709","420","3.5","0","0","0","290","91","2","87","7","10","15","25","10","Starbucks"
"Tazo® Tea, ","591","0","0","0","0","0","0","0","0","0","0","0","0","0","0","Starbucks"
"Tazo® Chai Tea Latte, Nonfat Milk","591","260","0","0","0","5","135","57","0","54","10","10","0","35","2","Starbucks"
"Tazo® Chai Tea Latte, 2% Milk","591","310","6","3","0","25","150","56","0","53","10","10","2","35","2","Starbucks"
"Tazo® Chai Tea Latte, Soymilk US","591","310","4.5","0.5","0","0","115","60","1","54","8","10","0","35","10","Starbucks"
"Tazo® Green Tea Latte, Nonfat Milk","591","370","0.5","0","0","10","200","73","2","71","18","20","20","60","4","Starbucks"
"Tazo® Green Tea Latte, 2% Milk","591","450","10","5","0","40","230","72","2","71","17","20","20","60","4","Starbucks"
"Tazo® Green Tea Latte, Soymilk US","591","450","8","1","0","0","180","79","4","72","14","20","20","60","20","Starbucks"
"Tazo® Full-Leaf Tea Latte, Nonfat Milk","591","190","0","0","0","5","110","39","0","39","9","10","0","30","0","Starbucks"
"Tazo® Full-Leaf Tea Latte, 2% Milk","591","230","5","2.5","0","20","125","38","0","38","9","10","0","30","0","Starbucks"
"Tazo® Full-Leaf Tea Latte, Soymilk US","591","240","4","0.5","0","0","100","42","1","39","7","10","0","30","8","Starbucks"
"Tazo® Full-Leaf Red Tea Latte (Vanilla Rooibos), Nonfat Milk","591","190","0","0","0","5","110","39","0","39","9","10","0","30","0","Starbucks"
"Tazo® Full-Leaf Red Tea Latte (Vanilla Rooibos), 2% Milk","591","230","5","2.5","0","20","125","38","0","38","9","10","0","30","0","Starbucks"
"Tazo® Full-Leaf Red Tea Latte (Vanilla Rooibos), Soymilk US","591","240","4","0.5","0","0","100","42","1","39","7","10","0","30","8","Starbucks"
